socks5://156.244.33.210:20002,MX,Unknown
http://148.233.136.213:443,MX,Unknown
http://186.96.180.17:999,MX,Unknown
http://5.102.109.41:999,MX,Unknown
http://154.27.196.177:999,MX,Unknown
http://38.194.231.66:999,MX,Unknown
http://201.150.6.201:8081,MX,Unknown
http://38.224.97.12:999,MX,Unknown
http://187.251.130.135:8080,MX,Unknown
http://45.177.178.23:999,MX,Unknown
http://45.177.178.242:999,MX,Unknown
http://205.164.192.115:999,MX,Unknown
http://45.174.253.64:999,MX,Unknown
http://82.27.100.87:3128,MX,Unknown
http://189.202.188.149:80,MX,Kanas?n