socks5://62.60.131.179:4445,ES,Unknown
socks5://152.53.171.242:10397,ES,Unknown
socks5://152.53.171.242:14325,ES,Unknown
socks5://62.60.131.180:5091,ES,Unknown
http://195.114.209.50:443,ES,Unknown
http://90.174.128.42:3128,ES,Unknown
http://2.139.62.85:3128,ES,Unknown
http://185.238.228.211:80,ES,
http://185.238.228.237:80,ES,
http://185.238.228.146:80,ES,
http://185.238.228.96:80,ES,
http://185.238.228.217:80,ES,
http://185.238.228.42:80,ES,
http://185.238.228.172:80,ES,
http://185.238.228.130:80,ES,
http://185.238.228.167:80,ES,
http://185.238.228.89:80,ES,
http://185.238.228.179:80,ES,