socks5://221.202.27.194:10808,CN,Unknown
socks5://203.25.208.163:1011,CN,Unknown
socks5://123.54.197.53:20000,CN,Unknown
socks5://123.54.197.53:20481,CN,Unknown
socks5://123.54.197.19:23386,CN,Unknown
socks5://123.54.197.53:20217,CN,Unknown
socks5://123.54.197.53:23014,CN,Unknown
socks5://123.54.197.53:21326,CN,Unknown
socks5://123.54.197.19:22866,CN,Unknown
socks5://123.54.197.51:23843,CN,Unknown
socks5://123.54.197.25:21173,CN,Unknown
socks5://123.54.197.51:23561,CN,Unknown
socks5://123.54.197.51:20383,CN,Unknown
socks5://123.54.197.51:21469,CN,Unknown
socks5://123.54.197.51:22159,CN,Unknown
socks5://123.54.197.51:20329,CN,Unknown
socks5://123.54.197.51:22963,CN,Unknown
socks5://123.54.197.51:21495,CN,Unknown
socks5://123.54.197.51:20961,CN,Unknown
socks5://123.54.197.51:20675,CN,Unknown
socks5://123.54.197.51:21576,CN,Unknown
socks5://123.54.197.51:21246,CN,Unknown
socks5://123.54.197.51:20751,CN,Unknown
socks5://123.54.197.51:22227,CN,Unknown
socks5://123.54.197.51:20485,CN,Unknown
socks5://123.54.197.51:21142,CN,Unknown
socks5://123.54.197.51:20202,CN,Unknown
socks5://123.54.197.25:21439,CN,Unknown
socks5://123.54.197.20:23982,CN,Unknown
socks5://123.54.197.51:21422,CN,Unknown
socks5://123.54.197.51:21682,CN,Unknown
socks5://123.54.197.51:20221,CN,Unknown
socks5://123.54.197.51:22130,CN,Unknown
socks5://123.54.197.20:21721,CN,Unknown
socks5://123.54.197.51:23680,CN,Unknown
socks5://123.54.197.50:20693,CN,Unknown
socks5://123.54.197.25:21026,CN,Unknown
socks5://123.54.197.20:20089,CN,Unknown
socks5://123.54.197.51:23068,CN,Unknown
socks5://123.54.197.16:21824,CN,Unknown
socks5://123.54.197.24:23186,CN,Unknown
socks5://123.54.197.51:22183,CN,Unknown
socks5://123.54.197.25:21343,CN,Unknown
socks5://123.54.197.51:21945,CN,Unknown
socks5://123.54.197.50:22273,CN,Unknown
socks5://123.54.197.50:21090,CN,Unknown
socks5://123.54.197.53:20823,CN,Unknown
socks5://123.54.197.25:20833,CN,Unknown
socks5://123.54.197.20:22757,CN,Unknown
socks5://123.54.197.51:20892,CN,Unknown
socks5://123.54.197.19:22054,CN,Unknown
socks5://123.54.197.51:20138,CN,Unknown
socks5://123.54.197.50:20799,CN,Unknown
socks5://123.54.197.53:20173,CN,Unknown
socks5://123.54.197.16:23359,CN,Unknown
http://220.243.154.25:11143,CN,Unknown
http://61.157.135.26:9727,CN,Unknown
http://117.82.138.100:1080,CN,Unknown
http://180.166.128.182:24001,CN,Unknown
http://180.166.128.182:34001,CN,Unknown
http://180.166.128.182:17000,CN,Unknown
http://220.243.154.26:12418,CN,Unknown
http://114.55.114.43:8406,CN,Unknown
http://203.19.38.114:1080,CN,
http://221.231.13.198:1080,CN,
http://183.215.23.242:9091,CN,Unknown
http://220.197.44.36:3128,CN,Unknown
http://218.77.60.210:11231,CN,Unknown
http://58.216.109.17:800,CN,
http://218.77.183.214:5224,CN,
http://101.66.199.25:8085,CN,Unknown
http://101.66.194.14:8085,CN,Unknown
http://103.213.97.78:80,CN,
http://58.216.109.14:800,CN,
http://115.231.181.40:8128,CN,
socks5://59.46.216.131:30001,CN,
socks5://203.25.208.163:1100,CN,
http://120.92.211.211:7890,CN,
http://112.93.118.61:3128,CN,Foshan
http://113.204.79.230:9091,CN,
http://116.171.106.15:3000,CN,
http://36.138.53.26:10017,CN,
http://116.171.106.78:3000,CN,
http://116.171.106.111:3000,CN,
http://61.158.175.38:9002,CN,Shangqiu
socks5://203.25.208.163:1145,CN,
http://49.4.117.146:3128,CN,Beijing
http://113.108.13.120:8083,CN,
http://39.185.41.193:5911,CN,Ningbo
http://120.132.52.172:8888,CN,
http://36.138.53.26:10019,CN,