socks5://5.255.117.127:1080,NL,Dronten
socks5://195.35.113.29:1080,NL,Amsterdam
http://45.131.208.9:80,NL,
http://188.114.98.31:80,NL,Amsterdam
http://45.131.6.41:80,NL,
http://45.131.6.212:80,NL,
http://45.131.5.215:80,NL,
http://45.131.7.85:80,NL,
http://188.114.96.253:80,NL,Amsterdam
http://45.131.4.22:80,NL,
http://45.131.4.86:80,NL,
http://45.131.4.104:80,NL,
http://45.131.4.36:80,NL,
http://45.131.5.79:80,NL,
http://45.131.5.56:80,NL,
http://160.153.0.19:80,NL,Amsterdam
http://45.131.7.20:80,NL,
http://45.131.5.132:80,NL,
http://45.131.5.71:80,NL,
http://160.153.0.35:80,NL,Amsterdam
http://45.131.6.17:80,NL,
http://45.131.7.177:80,NL,
http://45.131.4.52:80,NL,
http://45.131.7.141:80,NL,
http://45.131.7.218:80,NL,
http://45.131.7.14:80,NL,
http://45.131.7.75:80,NL,
http://45.131.5.241:80,NL,
http://45.131.4.230:80,NL,
http://45.131.5.83:80,NL,
http://45.131.6.202:80,NL,
http://45.131.5.220:80,NL,
http://45.131.4.87:80,NL,
http://45.131.4.220:80,NL,